{
  "execPath": "C:/Users/alex/.platformio/packages/toolchain-gccarmnoneeabi/bin/arm-none-eabi-g++.exe",
  "gccDefaultCFlags": "-fsyntax-only -std=gnu11 -std=gnu11 -Os -mcpu=cortex-m3 -mthumb -ffreestanding -fsigned-char -fno-move-loop-invariants -fno-strict-aliasing --specs=nano.specs --specs=nosys.specs -MP -fmax-errors=5 -mcpu=cortex-m3 -mthumb -ffunction-sections -fdata-sections -nostdlib -march=armv7-m --param max-inline-insns-single=500 -Wall -Os -DPLATFORMIO=40100 -DSTM32F103xE -DTARGET_STM32F1 -DARDUINO=10808 -DARDUINO_ARCH_STM32 -DARDUINO_ARCH_STM32F1 -DARDUINO_GENERIC_STM32F103R -DMCU_STM32F103RC -D__STM32F1__ -DBOARD_generic_stm32f103r -DF_CPU=72000000L -DVECT_TAB_ADDR=0x8000000 -DERROR_LED_PORT=GPIOB -DERROR_LED_PIN=1 -DCONFIG_MAPLE_MINI_NO_DISABLE_DEBUG=1 -DSERIAL_USB -DGENERIC_BOOTLOADER",
  "gccDefaultCppFlags": "-fsyntax-only -std=gnu++11 -std=gnu++11 -fno-rtti -fno-exceptions -Os -mcpu=cortex-m3 -mthumb -ffreestanding -fsigned-char -fno-move-loop-invariants -fno-strict-aliasing --specs=nano.specs --specs=nosys.specs -MP -fmax-errors=5 -mcpu=cortex-m3 -mthumb -ffunction-sections -fdata-sections -nostdlib -march=armv7-m --param max-inline-insns-single=500 -Wall -Os -DPLATFORMIO=40100 -DSTM32F103xE -DTARGET_STM32F1 -DARDUINO=10808 -DARDUINO_ARCH_STM32 -DARDUINO_ARCH_STM32F1 -DARDUINO_GENERIC_STM32F103R -DMCU_STM32F103RC -D__STM32F1__ -DBOARD_generic_stm32f103r -DF_CPU=72000000L -DVECT_TAB_ADDR=0x8000000 -DERROR_LED_PORT=GPIOB -DERROR_LED_PIN=1 -DCONFIG_MAPLE_MINI_NO_DISABLE_DEBUG=1 -DSERIAL_USB -DGENERIC_BOOTLOADER",
  "gccErrorLimit": 15,
  "gccIncludePaths": "J:/L/Prog/stm32f103cbt6printer/103RE/Marlin-bugfix-2.0.x (2)/Marlin-bugfix-2.0.x/Marlin,C:/Users/alex/.platformio/packages/framework-arduinoststm32-maple/STM32F1/libraries/EEPROM,J:/L/Prog/stm32f103cbt6printer/103RE/Marlin-bugfix-2.0.x (2)/Marlin-bugfix-2.0.x/.piolibdeps/STM32F1/TMCStepper_ID5513/src,C:/Users/alex/.platformio/packages/framework-arduinoststm32-maple/STM32F1/libraries/STM32ADC/src,J:/L/Prog/stm32f103cbt6printer/103RE/Marlin-bugfix-2.0.x (2)/Marlin-bugfix-2.0.x/.piolibdeps/STM32F1/SlowSoftI2CMaster,J:/L/Prog/stm32f103cbt6printer/103RE/Marlin-bugfix-2.0.x (2)/Marlin-bugfix-2.0.x/.piolibdeps/STM32F1/SailfishRGB_LED,J:/L/Prog/stm32f103cbt6printer/103RE/Marlin-bugfix-2.0.x (2)/Marlin-bugfix-2.0.x/.piolibdeps/STM32F1/SailfishLCD,J:/L/Prog/stm32f103cbt6printer/103RE/Marlin-bugfix-2.0.x (2)/Marlin-bugfix-2.0.x/.piolibdeps/STM32F1/Arduino-L6470/src,J:/L/Prog/stm32f103cbt6printer/103RE/Marlin-bugfix-2.0.x (2)/Marlin-bugfix-2.0.x/.piolibdeps/STM32F1/30aa480,J:/L/Prog/stm32f103cbt6printer/103RE/Marlin-bugfix-2.0.x (2)/Marlin-bugfix-2.0.x/.piolibdeps/STM32F1/LiquidCrystal_ID136,J:/L/Prog/stm32f103cbt6printer/103RE/Marlin-bugfix-2.0.x (2)/Marlin-bugfix-2.0.x/.piolibdeps/STM32F1/U8glib-HAL_ID1932/src,C:/Users/alex/.platformio/packages/framework-arduinoststm32-maple/STM32F1/libraries/Wire,C:/Users/alex/.platformio/packages/framework-arduinoststm32-maple/STM32F1/libraries/Wire/utility,C:/Users/alex/.platformio/packages/framework-arduinoststm32-maple/STM32F1/libraries/SPI/src,J:/L/Prog/stm32f103cbt6printer/103RE/Marlin-bugfix-2.0.x (2)/Marlin-bugfix-2.0.x/Marlin/src/HAL/HAL_STM32F1,C:/Users/alex/.platformio/packages/framework-arduinoststm32-maple/STM32F1/cores/maple,C:/Users/alex/.platformio/packages/framework-arduinoststm32-maple/STM32F1/system/libmaple,C:/Users/alex/.platformio/packages/framework-arduinoststm32-maple/STM32F1/system/libmaple/include,C:/Users/alex/.platformio/packages/framework-arduinoststm32-maple/STM32F1/system/libmaple/stm32f1/include,C:/Users/alex/.platformio/packages/framework-arduinoststm32-maple/STM32F1/system/libmaple/usb/stm32f1,C:/Users/alex/.platformio/packages/framework-arduinoststm32-maple/STM32F1/system/libmaple/usb/usb_lib,C:/Users/alex/.platformio/packages/framework-arduinoststm32-maple/STM32F1/variants/generic_stm32f103r,C:/Users/alex/.platformio/lib/ESP Async WebServer_ID306/src,C:/Users/alex/.platformio/lib/LiquidCrystal_ID887/src,C:/Users/alex/.platformio/lib/U8g2_ID942/src,C:/Users/alex/.platformio/lib/U8glib_ID7/src,C:/Users/alex/.platformio/lib/U8glib_ID9,C:/Users/alex/.platformio/packages/framework-arduinoststm32-maple/STM32F1/libraries/A_STM32_Examples,C:/Users/alex/.platformio/packages/framework-arduinoststm32-maple/STM32F1/libraries/Adafruit_GFX_AS,C:/Users/alex/.platformio/packages/framework-arduinoststm32-maple/STM32F1/libraries/Adafruit_ILI9341,C:/Users/alex/.platformio/packages/framework-arduinoststm32-maple/STM32F1/libraries/Adafruit_ILI9341_STM,C:/Users/alex/.platformio/packages/framework-arduinoststm32-maple/STM32F1/libraries/Adafruit_SSD1306,C:/Users/alex/.platformio/packages/framework-arduinoststm32-maple/STM32F1/libraries/Ethernet_STM/src,C:/Users/alex/.platformio/packages/framework-arduinoststm32-maple/STM32F1/libraries/FreeRTOS701,C:/Users/alex/.platformio/packages/framework-arduinoststm32-maple/STM32F1/libraries/FreeRTOS701/utility,C:/Users/alex/.platformio/packages/framework-arduinoststm32-maple/STM32F1/libraries/FreeRTOS821,C:/Users/alex/.platformio/packages/framework-arduinoststm32-maple/STM32F1/libraries/FreeRTOS821/utility,C:/Users/alex/.platformio/packages/framework-arduinoststm32-maple/STM32F1/libraries/FreeRTOS900,C:/Users/alex/.platformio/packages/framework-arduinoststm32-maple/STM32F1/libraries/Lcd7920_STM,C:/Users/alex/.platformio/packages/framework-arduinoststm32-maple/STM32F1/libraries/LiquidCrystal,C:/Users/alex/.platformio/packages/framework-arduinoststm32-maple/STM32F1/libraries/MapleCoOS,C:/Users/alex/.platformio/packages/framework-arduinoststm32-maple/STM32F1/libraries/MapleCoOS/utility,C:/Users/alex/.platformio/packages/framework-arduinoststm32-maple/STM32F1/libraries/MapleCoOS116,C:/Users/alex/.platformio/packages/framework-arduinoststm32-maple/STM32F1/libraries/MapleCoOS116/utility,C:/Users/alex/.platformio/packages/framework-arduinoststm32-maple/STM32F1/libraries/OLED_I2C,C:/Users/alex/.platformio/packages/framework-arduinoststm32-maple/STM32F1/libraries/OneWireSTM/src,C:/Users/alex/.platformio/packages/framework-arduinoststm32-maple/STM32F1/libraries/RTClock/src,C:/Users/alex/.platformio/packages/framework-arduinoststm32-maple/STM32F1/libraries/SDIO,C:/Users/alex/.platformio/packages/framework-arduinoststm32-maple/STM32F1/libraries/Serasidis_EtherCard_STM/src,C:/Users/alex/.platformio/packages/framework-arduinoststm32-maple/STM32F1/libraries/Serasidis_VS1003B_STM/src,C:/Users/alex/.platformio/packages/framework-arduinoststm32-maple/STM32F1/libraries/Serasidis_XPT2046_touch/src,C:/Users/alex/.platformio/packages/framework-arduinoststm32-maple/STM32F1/libraries/Servo/src,C:/Users/alex/.platformio/packages/framework-arduinoststm32-maple/STM32F1/libraries/Touch-Screen-Library_STM,C:/Users/alex/.platformio/packages/framework-arduinoststm32-maple/STM32F1/libraries/USBComposite,C:/Users/alex/.platformio/packages/framework-arduinoststm32-maple/STM32F1/libraries/WS2812B/src,C:/Users/alex/.platformio/packages/framework-arduinoststm32-maple/STM32F1/libraries/WireSlave/src,C:/Users/alex/.platformio/packages/framework-arduinoststm32-maple/STM32F1/libraries/stm_fft,C:/Users/alex/.platformio/packages/toolchain-gccarmnoneeabi/arm-none-eabi/include,C:/Users/alex/.platformio/packages/toolchain-gccarmnoneeabi/arm-none-eabi/include/c++/7.2.1,C:/Users/alex/.platformio/packages/toolchain-gccarmnoneeabi/arm-none-eabi/include/c++/7.2.1/arm-none-eabi,C:/Users/alex/.platformio/packages/toolchain-gccarmnoneeabi/lib/gcc/arm-none-eabi/7.2.1/include,C:/Users/alex/.platformio/packages/toolchain-gccarmnoneeabi/lib/gcc/arm-none-eabi/7.2.1/include-fixed,C:/Users/alex/.platformio/packages/tool-unity,J:/L/Prog/stm32f103cbt6printer/103RE/Marlin-bugfix-2.0.x (2)/Marlin-bugfix-2.0.x/include",
  "gccSuppressWarnings": false
}
